Workbook

Sheet Test Cases
A1: TEST CASE CHỨC NĂNG ĐĂNG NHẬP – VĂN PHÒNG ĐIỆN TỬ ĐH GTVT
A2: URL: https://vanphongdientu.utc.edu.vn/Login?r=https%3A%2F%2Fvanphongdientu.utc.edu.vn%2F
A3: Hướng dẫn: điền cột 'Kết quả thực tế', chọn 'Trạng thái' từ danh sách (ô nền vàng), ghi chú/link bug ở cột 'Ghi chú'. Thay <...> bằng dữ liệu test thực tế.
A5: ID | B5: Nhóm | C5: Tiêu đề | D5: Điều kiện tiên quyết | E5: Các bước thực hiện | F5: Dữ liệu test | G5: Kết quả mong đợi | H5: Ưu tiên | I5: Kết quả thực tế | J5: Trạng thái | K5: Ghi chú
A6: TC_FN_01 | B6: Chức năng | C6: Đăng nhập thành công với tài khoản hợp lệ | D6: Có tài khoản hợp lệ (đang hoạt động); trình duyệt đã xóa cookie | E6: 1. Nhập Tên đăng nhập hợp lệ 2. Nhập Mật khẩu đúng 3. Click 'Đăng nhập' | F6: Tài khoản test hợp lệ | G6: Đăng nhập thành công, chuyển tới trang chủ văn phòng điện tử (giá trị tham số r), hiển thị tên người dùng | H6: Cao | I6: Login that bai voi tai khoan hop le (huongnt/123456@utc). Trang UTC khong chuyen huong sau dang nhap. URL van o /Login. Run: 08/10/2026 16:45 | J6: Fail | K6: Run: mvn test - 08/10/2026 16:34
A7: TC_FN_02 | B7: Chức năng | C7: Đăng nhập bằng phím Enter | D7: Có tài khoản hợp lệ (đang hoạt động); trình duyệt đã xóa cookie | E7: 1. Nhập tài khoản hợp lệ 2. Đặt con trỏ ở ô Mật khẩu, nhấn Enter | F7: Tài khoản test hợp lệ | G7: Form được submit, đăng nhập thành công như khi click nút | H7: Trung bình | I7: Phim Enter khong submit form dang nhap. URL van o /Login sau khi nhan Enter. Run: 08/10/2026 16:45 | J7: Fail | K7: Run: mvn test - 08/10/2026 16:34
A8: TC_FN_03 | B8: Chức năng | C8: Chuyển hướng theo tham số r | D8: Có tài khoản hợp lệ (đang hoạt động); trình duyệt đã xóa cookie | E8: 1. Truy cập /Login?r=<URL một trang nội bộ cụ thể> 2. Đăng nhập hợp lệ | F8: r = https://vanphongdientu.utc.edu.vn/<trang nội bộ> | G8: Sau đăng nhập chuyển đúng tới trang trong tham số r | H8: Trung bình | I8: Tham so r khong hoat dong - dang nhap thanh cong nhung khong chuyen huong toi URL trong tham so r. Run: 08/10/2026 16:45 | J8: Fail | K8: Run: mvn test - 08/10/2026 16:34
A9: TC_FN_04 | B9: Chức năng | C9: Đăng nhập sai mật khẩu | D9: Mở trang đăng nhập | E9: 1. Nhập Tên đăng nhập đúng 2. Nhập Mật khẩu sai 3. Click 'Đăng nhập' | F9: Mật khẩu: SaiMatKhau1 | G9: Không đăng nhập; hiển thị thông báo lỗi chung (vd: 'Tên đăng nhập hoặc mật khẩu không đúng'); không tiết lộ trường nào sai | H9: Cao | I9: Khi nhap sai mat khau, khong hien thi thong bao loi tren trang. URL van o /Login. Run: 08/10/2026 16:45 | J9: Fail | K9: Run: mvn test - 08/10/2026 16:34
A10: TC_FN_05 | B10: Chức năng | C10: Đăng nhập với tên đăng nhập không tồn tại | D10: Mở trang đăng nhập | E10: 1. Nhập Tên đăng nhập không tồn tại 2. Nhập mật khẩu bất kỳ 3. Click 'Đăng nhập' | F10: Tên: khongtontai_9999 | G10: Không đăng nhập; thông báo lỗi giống hệt trường hợp sai mật khẩu | H10: Cao | I10: Skipped - phu thuoc tai khoan hop le (TC_FN_01 fail). Run: 08/10/2026 16:45 | J10: Blocked | K10: Run: mvn test - 08/10/2026 16:34
A11: TC_FN_06 | B11: Chức năng | C11: Đăng nhập với tài khoản bị khóa/vô hiệu hóa | D11: Có tài khoản đã bị khóa | E11: 1. Nhập tài khoản bị khóa với mật khẩu đúng 2. Click 'Đăng nhập' | F11: Tài khoản bị khóa | G11: Không đăng nhập; hiển thị thông báo tài khoản bị khóa/liên hệ quản trị | H11: Trung bình | I11: Skipped - phu thuoc tai khoan bi khoa (chua co test data). Run: 08/10/2026 16:45 | J11: Blocked | K11: Run: mvn test - 08/10/2026 16:34
A12: TC_FN_07 | B12: Chức năng | C12: Mật khẩu phân biệt hoa thường | D12: Có tài khoản hợp lệ (đang hoạt động); trình duyệt đã xóa cookie | E12: 1. Nhập Tên đăng nhập đúng 2. Nhập mật khẩu đúng nhưng đổi hoa/thường | F12: Mật khẩu đúng: Abc@123 → nhập abc@123 | G12: Không đăng nhập; hiển thị thông báo lỗi | H12: Cao | I12: Skipped - phu thuoc tai khoan hop le (TC_FN_01 fail). Run: 08/10/2026 16:45 | J12: Blocked | K12: Run: mvn test - 08/10/2026 16:34
A13: TC_FN_08 | B13: Chức năng | C13: Tên đăng nhập có khoảng trắng đầu/cuối | D13: Có tài khoản hợp lệ (đang hoạt động); trình duyệt đã xóa cookie | E13: 1. Nhập Tên đăng nhập hợp lệ có khoảng trắng ở đầu và cuối 2. Nhập mật khẩu đúng 3. Click 'Đăng nhập' | F13: ' username ' | G13: Hệ thống tự cắt khoảng trắng và đăng nhập thành công (hoặc theo đặc tả) | H13: Trung bình | I13: Skipped - phu thuoc tai khoan hop le (TC_FN_01 fail). Run: 08/10/2026 16:45 | J13: Blocked | K13: Run: mvn test - 08/10/2026 16:34
A14: TC_FN_09 | B14: Chức năng | C14: Tên đăng nhập không phân biệt hoa thường | D14: Có tài khoản hợp lệ (đang hoạt động); trình duyệt đã xóa cookie | E14: 1. Nhập Tên đăng nhập viết hoa toàn bộ 2. Nhập mật khẩu đúng | F14: USERNAME | G14: Hành vi đúng theo đặc tả (thường: đăng nhập thành công) | H14: Thấp | I14: Skipped - phu thuoc tai khoan hop le (TC_FN_01 fail). Run: 08/10/2026 16:45 | J14: Blocked | K14: Run: mvn test - 08/10/2026 16:34
A15: TC_FN_10 | B15: Chức năng | C15: Đăng nhập khi đã đăng nhập sẵn | D15: Đã đăng nhập ở tab khác | E15: 1. Mở lại URL trang đăng nhập | G15: Tự động chuyển tới trang chủ, không bắt đăng nhập lại | H15: Trung bình | I15: Skipped - phu thuoc session da dang nhap (TC_FN_01 fail). Run: 08/10/2026 16:45 | J15: Blocked | K15: Run: mvn test - 08/10/2026 16:34
A16: TC_FN_11 | B16: Chức năng | C16: Truy cập trang nội bộ khi chưa đăng nhập | D16: Mở trang đăng nhập | E16: 1. Truy cập trực tiếp URL một trang nội bộ | F16: https://vanphongdientu.utc.edu.vn/<trang nội bộ> | G16: Bị chuyển về /Login với tham số r chứa URL vừa truy cập | H16: Cao | I16: Skipped - phu thuoc session da dang nhap (TC_FN_01 fail). Run: 08/10/2026 16:45 | J16: Blocked | K16: Run: mvn test - 08/10/2026 16:34
A17: TC_FN_12 | B17: Chức năng | C17: Double-click nút Đăng nhập | D17: Có tài khoản hợp lệ (đang hoạt động); trình duyệt đã xóa cookie | E17: 1. Nhập tài khoản hợp lệ 2. Click nhanh 2 lần vào nút 'Đăng nhập' | G17: Chỉ gửi 1 request; không lỗi, đăng nhập thành công một lần | H17: Thấp | I17: Skipped - phu thuoc login thanh cong (TC_FN_01 fail). Run: 08/10/2026 16:45 | J17: Blocked | K17: Run: mvn test - 08/10/2026 16:34
A18: TC_VAL_01 | B18: Kiểm tra dữ liệu | C18: Để trống cả hai trường | D18: Mở trang đăng nhập | E18: 1. Không nhập gì 2. Click 'Đăng nhập' | G18: Không gửi form; báo lỗi yêu cầu nhập Tên đăng nhập và Mật khẩu | H18: Cao | I18: Skipped - phu thuoc login thanh cong (TC_FN_01 fail). Run: 08/10/2026 16:45 | J18: Blocked | K18: Run: mvn test - 08/10/2026 16:34
A19: TC_VAL_02 | B19: Kiểm tra dữ liệu | C19: Để trống Tên đăng nhập | D19: Mở trang đăng nhập | E19: 1. Chỉ nhập Mật khẩu 2. Click 'Đăng nhập' | F19: Mật khẩu: Abc@123 | G19: Báo lỗi yêu cầu nhập Tên đăng nhập; focus vào ô này | H19: Cao | I19: Skipped - phu thuoc login thanh cong (TC_FN_01 fail). Run: 08/10/2026 16:45 | J19: Blocked | K19: Run: mvn test - 08/10/2026 16:34
A20: TC_VAL_03 | B20: Kiểm tra dữ liệu | C20: Để trống Mật khẩu | D20: Mở trang đăng nhập | E20: 1. Chỉ nhập Tên đăng nhập 2. Click 'Đăng nhập' | F20: Tên: username | G20: Báo lỗi yêu cầu nhập Mật khẩu; Tên đăng nhập đã nhập được giữ nguyên | H20: Cao | I20: Skipped - phu thuoc login thanh cong (TC_FN_01 fail). Run: 08/10/2026 16:45 | J20: Blocked | K20: Run: mvn test - 08/10/2026 16:34
A21: TC_VAL_04 | B21: Kiểm tra dữ liệu | C21: Chỉ nhập khoảng trắng | D21: Mở trang đăng nhập | E21: 1. Nhập toàn khoảng trắng vào cả 2 ô 2. Click 'Đăng nhập' | F21: ' ' | G21: Xử lý như để trống; báo lỗi bắt buộc nhập | H21: Trung bình | I21: Skipped - phu thuoc login thanh cong (TC_FN_01 fail). Run: 08/10/2026 16:45 | J21: Blocked | K21: Run: mvn test - 08/10/2026 16:34
A22: TC_VAL_05 | B22: Kiểm tra dữ liệu | C22: Nhập chuỗi rất dài | D22: Mở trang đăng nhập | E22: 1. Nhập 1000 ký tự vào mỗi ô 2. Click 'Đăng nhập' | F22: Chuỗi 1000 ký tự 'a' | G22: Bị giới hạn độ dài hoặc báo lỗi hợp lệ; không lỗi server (500), không treo trang | H22: Trung bình | I22: Skipped - phu thuoc login thanh cong (TC_FN_01 fail). Run: 08/10/2026 16:45 | J22: Blocked | K22: Run: mvn test - 08/10/2026 16:34
A23: TC_VAL_06 | B23: Kiểm tra dữ liệu | C23: Nhập ký tự đặc biệt và Unicode | D23: Mở trang đăng nhập | E23: 1. Nhập ký tự đặc biệt, tiếng Việt có dấu, emoji 2. Click 'Đăng nhập' | F23: !@#$%^&*() / Nguyễn / 😀 | G23: Hiển thị thông báo lỗi đăng nhập bình thường; không lỗi server | H23: Thấp | I23: Skipped - phu thuoc login thanh cong (TC_FN_01 fail). Run: 08/10/2026 16:45 | J23: Blocked | K23: Run: mvn test - 08/10/2026 16:34
A24: TC_VAL_07 | B24: Kiểm tra dữ liệu | C24: Giữ lại Tên đăng nhập sau khi đăng nhập thất bại | D24: Mở trang đăng nhập | E24: 1. Nhập sai mật khẩu và đăng nhập | G24: Ô Tên đăng nhập giữ nguyên giá trị, ô Mật khẩu bị xóa | H24: Thấp | I24: Skipped - phu thuoc login that bai (TC_FN_04 fail). Run: 08/10/2026 16:45 | J24: Blocked | K24: Run: mvn test - 08/10/2026 16:34
A25: TC_REM_01 | B25: Giữ đăng nhập | C25: Đăng nhập có tick 'Giữ tôi luôn đăng nhập' | D25: Có tài khoản hợp lệ (đang hoạt động); trình duyệt đã xóa cookie | E25: 1. Tick checkbox 2. Đăng nhập hợp lệ 3. Đóng hẳn trình duyệt rồi mở lại trang | G25: Vẫn ở trạng thái đăng nhập, không phải nhập lại | H25: Trung bình | I25: Skipped - phu thuoc login thanh cong (TC_FN_01 fail). Run: 08/10/2026 16:45 | J25: Blocked | K25: Run: mvn test - 08/10/2026 16:34
A26: TC_REM_02 | B26: Giữ đăng nhập | C26: Đăng nhập không tick 'Giữ tôi luôn đăng nhập' | D26: Có tài khoản hợp lệ (đang hoạt động); trình duyệt đã xóa cookie | E26: 1. Không tick checkbox 2. Đăng nhập hợp lệ 3. Đóng hẳn trình duyệt rồi mở lại trang | G26: Phiên kết thúc, phải đăng nhập lại | H26: Trung bình | I26: Skipped - phu thuoc login thanh cong (TC_FN_01 fail). Run: 08/10/2026 16:45 | J26: Blocked | K26: Run: mvn test - 08/10/2026 16:34
A27: TC_REM_03 | B27: Giữ đăng nhập | C27: Đăng xuất khi đang bật Giữ đăng nhập | D27: Đã đăng nhập có tick checkbox | E27: 1. Click Đăng xuất 2. Mở lại trang | G27: Cookie ghi nhớ bị xóa, yêu cầu đăng nhập lại | H27: Trung bình | I27: Skipped - phu thuoc login thanh cong (TC_FN_01 fail). Run: 08/10/2026 16:45 | J27: Blocked | K27: Run: mvn test - 08/10/2026 16:34
A28: TC_FN_13 | B28: Chức năng | C28: Chống SQL Injection ở ô Tên đăng nhập | D28: Mở trang đăng nhập | E28: 1. Nhập payload SQL vào Tên đăng nhập 2. Nhập mật khẩu bất kỳ 3. Click 'Đăng nhập' | F28: admin' OR '1'='1' -- | G28: Không đăng nhập; hiển thị thông báo lỗi đăng nhập thông thường; không lộ lỗi/thông tin cơ sở dữ liệu | H28: Cao | I28: Skipped - phu thuoc login thanh cong (TC_FN_01 fail). Run: 08/10/2026 16:45 | J28: Blocked | K28: Run: mvn test - 08/10/2026 16:34
A29: TC_FN_14 | B29: Chức năng | C29: Chống SQL Injection ở ô Mật khẩu | D29: Mở trang đăng nhập | E29: 1. Nhập Tên đăng nhập hợp lệ 2. Nhập payload SQL vào Mật khẩu 3. Click 'Đăng nhập' | F29: ' OR '1'='1 | G29: Không đăng nhập; báo lỗi thông thường; không bỏ qua được xác thực | H29: Cao | I29: Skipped - phu thuoc login thanh cong (TC_FN_01 fail). Run: 08/10/2026 16:45 | J29: Blocked | K29: Run: mvn test - 08/10/2026 16:34
A30: TC_FN_15 | B30: Chức năng | C30: Khóa/giới hạn sau nhiều lần đăng nhập sai | D30: Mở trang đăng nhập | E30: 1. Đăng nhập sai mật khẩu liên tiếp 5–10 lần | G30: Tài khoản bị khóa tạm thời hoặc hiển thị CAPTCHA/giới hạn tần suất | H30: Cao | I30: Skipped - setup timeout sau TC_FN_04. Test khong chay duoc. Run: 08/10/2026 16:45 | J30: Blocked | K30: Run: mvn test TC_FN_15 - 08/10/2026 16:30

Sheet Tổng hợp
A1: TỔNG HỢP KẾT QUẢ TEST
A3: Nhóm | B3: Tổng | C3: Pass | D3: Fail | E3: Blocked | F3: Chưa chạy | G3: Tỉ lệ Pass
A4: Chức năng | B4: =COUNTIF('Test Cases'!$B$6:$B$30,A4) | C4: =COUNTIFS('Test Cases'!$B$6:$B$30,$A4,'Test Cases'!$J$6:$J$30,"Pass") | D4: =COUNTIFS('Test Cases'!$B$6:$B$30,$A4,'Test Cases'!$J$6:$J$30,"Fail") | E4: =COUNTIFS('Test Cases'!$B$6:$B$30,$A4,'Test Cases'!$J$6:$J$30,"Blocked") | F4: =COUNTIFS('Test Cases'!$B$6:$B$30,$A4,'Test Cases'!$J$6:$J$30,"Chưa chạy") | G4: =IF(B4-F4=0,0,C4/(B4-F4))
A5: Kiểm tra dữ liệu | B5: =COUNTIF('Test Cases'!$B$6:$B$30,A5) | C5: =COUNTIFS('Test Cases'!$B$6:$B$30,$A5,'Test Cases'!$J$6:$J$30,"Pass") | D5: =COUNTIFS('Test Cases'!$B$6:$B$30,$A5,'Test Cases'!$J$6:$J$30,"Fail") | E5: =COUNTIFS('Test Cases'!$B$6:$B$30,$A5,'Test Cases'!$J$6:$J$30,"Blocked") | F5: =COUNTIFS('Test Cases'!$B$6:$B$30,$A5,'Test Cases'!$J$6:$J$30,"Chưa chạy") | G5: =IF(B5-F5=0,0,C5/(B5-F5))
A6: Giữ đăng nhập | B6: =COUNTIF('Test Cases'!$B$6:$B$30,A6) | C6: =COUNTIFS('Test Cases'!$B$6:$B$30,$A6,'Test Cases'!$J$6:$J$30,"Pass") | D6: =COUNTIFS('Test Cases'!$B$6:$B$30,$A6,'Test Cases'!$J$6:$J$30,"Fail") | E6: =COUNTIFS('Test Cases'!$B$6:$B$30,$A6,'Test Cases'!$J$6:$J$30,"Blocked") | F6: =COUNTIFS('Test Cases'!$B$6:$B$30,$A6,'Test Cases'!$J$6:$J$30,"Chưa chạy") | G6: =IF(B6-F6=0,0,C6/(B6-F6))
A7: TỔNG | B7: =SUM(B4:B6) | C7: =SUM(C4:C6) | D7: =SUM(D4:D6) | E7: =SUM(E4:E6) | F7: =SUM(F4:F6) | G7: =IF(B7-F7=0,0,C7/(B7-F7))
A9: Tỉ lệ Pass = Pass / số case đã chạy (không tính 'Chưa chạy').
